{
  "split": "70/15/15 (3-way)",
  "version": "V5",
  "training_metrics": {
    "epochs": 50,
    "final_f1": 0.4984048790427938,
    "final_accuracy": 0.52913238264349,
    "final_precision": 0.4758769058371015,
    "final_recall": 0.5179374322407122,
    "final_train_loss": 0.7639967093703249,
    "final_val_loss": 1.0484980380160716
  },
  "evaluation_metrics": {
    "accuracy": 0.905,
    "precision": 0.948,
    "recall": 0.751,
    "f1": 0.838,
    "pr_auc": 0.7928960055096419,
    "roc_auc": 0.8661905381662003
  },
  "confusion_matrix": {
    "tp": 182,
    "fp": 10,
    "fn": 60,
    "tn": 498
  }
}