{
  "split": "60/20/20 (3-way)",
  "version": "V8",
  "training_metrics": {
    "epochs": 50,
    "final_f1": 0.4801487600858992,
    "final_accuracy": 0.557535271371208,
    "final_precision": 0.4770318060447472,
    "final_recall": 0.5225574242333453,
    "final_train_loss": 0.7367427146230768,
    "final_val_loss": 0.9733681514150421
  },
  "evaluation_metrics": {
    "accuracy": 0.9096774193548387,
    "precision": 0.96,
    "recall": 0.75,
    "f1": 0.8444444444444444,
    "pr_auc": 0.8625631675285664,
    "roc_auc": 0.878795955882353
  },
  "confusion_matrix": {
    "tp": 240,
    "tn": 670,
    "fp": 10,
    "fn": 80,
    "matrix": [
      [
        670,
        10
      ],
      [
        80,
        240
      ]
    ]
  }
}