{
  "split": "70/15/15 (3-way)",
  "version": "V8",
  "training_metrics": {
    "epochs": 50,
    "final_f1": 0.5353333947284193,
    "final_accuracy": 0.5865360870155243,
    "final_precision": 0.5207448299052453,
    "final_recall": 0.5553841993679568,
    "final_train_loss": 0.773535714079247,
    "final_val_loss": 1.0804864032363182
  },
  "evaluation_metrics": {
    "accuracy": 0.9307298335467342,
    "precision": 0.975,
    "recall": 0.8057851239669421,
    "f1": 0.8849557522123894,
    "pr_auc": 0.8908012007070224,
    "roc_auc": 0.8886575128522158
  },
  "confusion_matrix": {
    "tp": 195,
    "tn": 503,
    "fp": 5,
    "fn": 47,
    "matrix": [
      [
        503,
        5
      ],
      [
        47,
        195
      ]
    ]
  }
}