{
  "split": "80/10/10 (3-way)",
  "version": "V3",
  "training_metrics": {
    "epochs": 50,
    "final_f1": 0.45979794249493505,
    "final_accuracy": 0.5468207411270277,
    "final_precision": 0.47115020125333096,
    "final_recall": 0.46242543810694625,
    "final_train_loss": 0.8934831907266045,
    "final_val_loss": 1.1948082026164295
  },
  "evaluation_metrics": {
    "accuracy": 0.88,
    "precision": 0.88,
    "recall": 0.709,
    "f1": 0.785,
    "pr_auc": 0.714516129032258,
    "roc_auc": 0.8330995792426368
  },
  "confusion_matrix": {
    "tp": 110,
    "fp": 15,
    "fn": 45,
    "tn": 330
  }
}