{
  "split": "60/20/20 (3-way)",
  "version": "V5",
  "training_metrics": {
    "epochs": 50,
    "final_f1": 0.47727832374879203,
    "final_accuracy": 0.49140071101746813,
    "final_precision": 0.4330939661570849,
    "final_recall": 0.46673666517630413,
    "final_train_loss": 0.9073400627692307,
    "final_val_loss": 1.0996108603374668
  },
  "evaluation_metrics": {
    "accuracy": 0.86,
    "precision": 0.921,
    "recall": 0.659,
    "f1": 0.766,
    "pr_auc": 0.7267821067821068,
    "roc_auc": 0.8141133557800225
  },
  "confusion_matrix": {
    "tp": 232,
    "fp": 20,
    "fn": 120,
    "tn": 628
  }
}