{
  "split": "80/20 (Standard)",
  "training_metrics": {
    "epochs": 50,
    "final_f1": 0.4852255445972663,
    "final_accuracy": 0.6795425694523822,
    "final_precision": 0.4688757581161943,
    "final_recall": 0.5437926936511618,
    "final_train_loss": 0.7612334866809058,
    "final_val_loss": 1.0187106017486443
  },
  "evaluation_metrics": {
    "accuracy": 0.75,
    "precision": 0.5625,
    "recall": 0.75,
    "f1": 0.6428566530615977
  },
  "confusion_matrix": [
    [
      105,
      35
    ],
    [
      15,
      45
    ]
  ]
}