{
  "model": "YOLOv3",
  "split_key": "70_15_15",
  "split_name": "70/15/15 (3-way)",
  "ratios": {
    "train": 0.7,
    "val": 0.15,
    "test": 0.15
  },
  "hyperparameters": {
    "architecture": "YOLOv3",
    "imgsz": 608,
    "batch_size": 16,
    "epochs": 50,
    "optimizer": "SGD",
    "lr0": 0.001,
    "momentum": 0.9,
    "weight_decay": 0.0005,
    "warmup_epochs": 3.0,
    "scheduler": "cosine",
    "augmentations": {
      "hsv_h": 0.015,
      "hsv_s": 0.7,
      "hsv_v": 0.4,
      "flipud": 0.0,
      "fliplr": 0.5,
      "mosaic": 1.0
    }
  },
  "final_metrics": {
    "accuracy": 0.5665930253722331,
    "precision": 0.37445823642996556,
    "recall": 0.3931548346327416,
    "f1": 0.47146762437523804
  },
  "confusion_matrix": [
    [
      257,
      101
    ],
    [
      44,
      98
    ]
  ],
  "metrics_history": {
    "epoch": [
      1,
      2,
      3,
      4,
      5,
      6,
      7,
      8,
      9,
      10,
      11,
      12,
      13,
      14,
      15,
      16,
      17,
      18,
      19,
      20,
      21,
      22,
      23,
      24,
      25,
      26,
      27,
      28,
      29,
      30,
      31,
      32,
      33,
      34,
      35,
      36,
      37,
      38,
      39,
      40,
      41,
      42,
      43,
      44,
      45,
      46,
      47,
      48,
      49,
      50
    ],
    "f1": [
      0.16528355082758647,
      0.1630616830275114,
      0.17309976254460438,
      0.16358903843539732,
      0.20621814911174435,
      0.15395815648396133,
      0.21172315445640702,
      0.19698020532989483,
      0.20590159212461673,
      0.18358898590595923,
      0.2102425960548964,
      0.208974434166297,
      0.18771406107387645,
      0.1830019561184742,
      0.25477561959530076,
      0.20304311969142852,
      0.2352554771336284,
      0.255261120336827,
      0.2708979395390172,
      0.2793507215103336,
      0.25171622457766574,
      0.2300053829667345,
      0.29124384913888013,
      0.3050724362036142,
      0.26532991900727887,
      0.32403584977183475,
      0.3388884930858026,
      0.29437666329555073,
      0.2823136349159733,
      0.3006760752353002,
      0.31289624844234015,
      0.29711776044151783,
      0.3246899583151774,
      0.3245897960735617,
      0.30466532024184184,
      0.34739011240071366,
      0.34214360936893395,
      0.3224790219613217,
      0.36266332244375377,
      0.38116340092954865,
      0.4083447413860385,
      0.3837255079999318,
      0.4201049981458175,
      0.3934973319639007,
      0.3900085035530334,
      0.4198379383766198,
      0.4057936045750495,
      0.4449663492265844,
      0.39680711429215243,
      0.47146762437523804
    ],
    "accuracy": [
      0.4316906919316338,
      0.4714505567227389,
      0.5103952072510104,
      0.46195353383363497,
      0.47186426318217484,
      0.47636992787099647,
      0.48808749516959826,
      0.4992789089463518,
      0.47906379947378813,
      0.4315764058148766,
      0.46984659685096025,
      0.4670763905378686,
      0.5093240955312436,
      0.4597790186217471,
      0.4954076715254018,
      0.5113386468335209,
      0.5136403869865498,
      0.46991770837251057,
      0.5217208970778949,
      0.5272232674530575,
      0.49042356868097553,
      0.4739323061831395,
      0.5334831234272788,
      0.5296805707837897,
      0.6036824083843906,
      0.5594323377039976,
      0.5219531203326064,
      0.5482094867975928,
      0.5272608759169837,
      0.5401579543208399,
      0.6019874161037709,
      0.5704558728652062,
      0.5324558557081467,
      0.5784345181057996,
      0.5321297674785288,
      0.5705997536553133,
      0.5924388778391423,
      0.5650267153900901,
      0.5256096221022125,
      0.5272152226705571,
      0.5204026407960834,
      0.5688158705282411,
      0.5780096890483659,
      0.6245698943285523,
      0.5788099024243911,
      0.5905643619404864,
      0.5598184348349774,
      0.651957272694372,
      0.5690403564891673,
      0.5665930253722331
    ],
    "precision": [
      0.12659572184155074,
      0.13701330162853453,
      0.1168303725215028,
      0.13788424581585407,
      0.13214298989343232,
      0.169328233554077,
      0.15637639791171964,
      0.16655036770770346,
      0.18787210154715975,
      0.1899755949461081,
      0.21375984560680697,
      0.17356075891882328,
      0.17427386903366382,
      0.19092383912444583,
      0.22941588857054065,
      0.2212788295700867,
      0.2628014982814777,
      0.23914673479486082,
      0.2520511559308535,
      0.18280048984149344,
      0.2778711031851239,
      0.27819034544450044,
      0.24867411895254105,
      0.28000203877921936,
      0.2779644383447276,
      0.2711724075421017,
      0.2913397664349529,
      0.3062333056116942,
      0.28135280312114497,
      0.29866407584350924,
      0.32851850199800825,
      0.3063625586952346,
      0.33732599760624155,
      0.36022021595356446,
      0.3572109941533176,
      0.3619547506977858,
      0.3326762244579629,
      0.3946631877316825,
      0.3442325027247613,
      0.3655120707710794,
      0.34313468527843616,
      0.3793547462050099,
      0.3767981355687071,
      0.3835438834685085,
      0.4026461653062448,
      0.3957668859701376,
      0.40334243594622543,
      0.47509681381880264,
      0.4048413353434408,
      0.37445823642996556
    ],
    "recall": [
      0.11285656777234347,
      0.15294649052450118,
      0.1479087333530905,
      0.11861952758643737,
      0.1375065300651203,
      0.12297262253068891,
      0.1575845366928319,
      0.21510640587756663,
      0.14840339950908313,
      0.15896452727023425,
      0.19992409752951745,
      0.21658656377537844,
      0.21759511450835503,
      0.2295903236580193,
      0.2336498240659301,
      0.20750708968491255,
      0.24169001382558222,
      0.2159025392625174,
      0.1834047500871474,
      0.22711193990828044,
      0.26677145044374456,
      0.22786589680898142,
      0.2621092069494196,
      0.2745172165561087,
      0.27646818801543893,
      0.2756738059221803,
      0.30051473512518434,
      0.28381448899591394,
      0.3315372042484577,
      0.32124788873922294,
      0.31567649100192124,
      0.36294861032612424,
      0.36361071127096717,
      0.3090814933461551,
      0.322463654118128,
      0.33414377021421243,
      0.3692761981529217,
      0.35670812843006133,
      0.3588369417258301,
      0.3569964764283595,
      0.4209182596854397,
      0.37507328861147465,
      0.42393891980408227,
      0.4233989652112147,
      0.39886330508367546,
      0.42669398274556397,
      0.42487947509206825,
      0.40171351306882974,
      0.38238926969497966,
      0.3931548346327416
    ],