split_key,split_name,epochs,final_f1_train,final_accuracy_train,final_precision_train,final_recall_train,final_train_loss,final_val_loss,eval_accuracy,eval_precision,eval_recall,eval_f1
80_10_10,80/10/10 (3-way),50,0.5543050390673401,0.6000180129149515,0.5642063401204291,0.566845006013782,0.7945617268153076,1.1350878127812989,0.77,0.5822784810126582,0.7666666666666667,0.6618700129396526
70_15_15,70/15/15 (3-way),50,0.5353333947284193,0.5865360870155243,0.5207448299052453,0.5553841993679568,0.773535714079247,1.0804864032363182,0.745,0.55,0.7333333333333333,0.628570938775892
60_20_20,60/20/20 (3-way),50,0.4801487600858992,0.557535271371208,0.4770318060447472,0.5225574242333453,0.7367427146230768,0.9733681514150421,0.72,0.5180722891566265,0.7166666666666667,0.6013981143336138
