{
  "model": "YOLOv3",
  "split_key": "80_20",
  "split_name": "80/20 (Standard)",
  "ratios": {
    "train": 0.8,
    "val": 0.2,
    "test": 0.0
  },
  "hyperparameters": {
    "architecture": "YOLOv3",
    "imgsz": 608,
    "batch_size": 16,
    "epochs": 50,
    "optimizer": "SGD",
    "lr0": 0.001,
    "momentum": 0.9,
    "weight_decay": 0.0005,
    "warmup_epochs": 3.0,
    "scheduler": "cosine",
    "augmentations": {
      "hsv_h": 0.015,
      "hsv_s": 0.7,
      "hsv_v": 0.4,
      "flipud": 0.0,
      "fliplr": 0.5,
      "mosaic": 1.0
    }
  },
  "final_metrics": {
    "accuracy": 0.5996783593115047,
    "precision": 0.4724141157578529,
    "recall": 0.44581380078667876,
    "f1": 0.4690463773637642
  },
  "confusion_matrix": [
    [
      244,
      105
    ],
    [
      39,
      112
    ]
  ],
  "metrics_history": {
    "epoch": [
      1,
      2,
      3,
      4,
      5,
      6,
      7,
      8,
      9,
      10,
      11,
      12,
      13,
      14,
      15,
      16,
      17,
      18,
      19,
      20,
      21,
      22,
      23,
      24,
      25,
      26,
      27,
      28,
      29,
      30,
      31,
      32,
      33,
      34,
      35,
      36,
      37,
      38,
      39,
      40,
      41,
      42,
      43,
      44,
      45,
      46,
      47,
      48,
      49,
      50
    ],
    "f1": [
      0.1947555501014818,
      0.18561665825517926,
      0.22168402804987605,
      0.1455841570961834,
      0.13813566186761292,
      0.20203141851418652,
      0.1691244941345892,
      0.1759381094105883,
      0.2096886935118903,
      0.19780083897712208,
      0.2595528774109437,
      0.22249971021419526,
      0.204137642329966,
      0.25751683051315505,
      0.24777758666451907,
      0.2650353157033245,
      0.27063504786420106,
      0.2792375531966924,
      0.2968076011063648,
      0.25178527173623205,
      0.27657193901838184,
      0.2812123154593713,
      0.29870070214021893,
      0.2689539542689259,
      0.2978494515586628,
      0.2796798378581962,
      0.31504974873196684,
      0.30272370060049203,
      0.33939599255797437,
      0.321419642964564,
      0.32190266150188246,
      0.3302959204503133,
      0.3322600087181311,
      0.3463566592036108,
      0.3248328945366083,
      0.32262963321103455,
      0.428223617046892,
      0.40148152520857794,
      0.37560196494769077,
      0.3706317205265637,
      0.4158556057350251,
      0.3676280326883426,
      0.38744036867036835,
      0.39020516146925266,
      0.4623894045619079,
      0.4239020560716396,
      0.43262554396338,
      0.500831927265224,
      0.4511487223787552,
      0.4690463773637642
    ],
    "accuracy": [
      0.4802916894527964,
      0.47725627544237526,
      0.5050791227895819,
      0.5061350192344403,
      0.507394025712122,
      0.4797334188968707,
      0.5081474520901369,
      0.4862064786492767,
      0.4654189521031745,
      0.4918933044873614,
      0.5189656611473081,
      0.5408274399659967,
      0.4981613571347445,
      0.4764554569054296,
      0.49341748058482615,
      0.5648280158993988,
      0.4995235656743116,
      0.5299023327725702,
      0.48569633254655875,
      0.5132482617733616,
      0.5373196361409709,
      0.5048890651951615,
      0.5400140609122628,
      0.5294622993978493,
      0.535181481390307,
      0.5617395089217987,
      0.5033479350841312,
      0.5211289467344656,
      0.5627291759803267,
      0.5396899421803163,
      0.5314046536625988,
      0.5698797687563274,
      0.5663605931466974,
      0.5067478365850103,
      0.5467646297835238,
      0.5832278146292867,
      0.5791672108809007,
      0.5428142929070094,
      0.5477216920387203,
      0.5805227428001571,
      0.5720458629061836,
      0.5990858877188803,
      0.6039578254255297,
      0.5831762771805891,
      0.625092535030687,
      0.5560601611400696,
      0.5941056028841365,
      0.6022547702427813,
      0.5659181495256339,
      0.5996783593115047
    ],
    "precision": [
      0.11307561635139471,
      0.18831480683372415,
      0.11881547132405884,
      0.156995755338579,
      0.11274797505795242,
      0.11130214336397308,
      0.17361120621936896,
      0.1753526540092815,
      0.19986802122904318,
      0.21365137910390453,
      0.24009696508263625,
      0.17334860095240937,
      0.22120834332662134,
      0.23152455260791288,
      0.176686694261666,
      0.2881015966206207,
      0.19757716942989867,
      0.2499083674369019,
      0.26553812928830567,
      0.25228822784305144,
      0.2724539898098352,
      0.31417486349115153,
      0.30010004323527273,
      0.2696879862730572,
      0.2469152703639711,
      0.32304781605084476,
      0.31798625099619465,
      0.3236589581680117,
      0.298511206358427,
      0.30214896675363134,
      0.2933004122236249,
      0.36267925588634903,
      0.345945175714043,
      0.3476990444421424,
      0.3455657181002961,
      0.3782339448671517,
      0.3982655176412917,
      0.3865163694181032,
      0.3715916514454109,
      0.3774171634797358,
      0.4235467914720216,
      0.3899698227903388,
      0.3772021205080061,
      0.40210943353855155,
      0.38892161467594966,
      0.4463422417365133,
      0.43134334955973475,
      0.44615805862541663,
      0.4522677743939035,
      0.4724141157578529
    ],
    "recall": [
      0.12346805135831602,
      0.10189494815643643,
      0.17867396939195532,
      0.16795598703175324,
      0.19191543694457733,
      0.2399692081567496,
      0.17467464786440667,
      0.17843604628613846,
      0.17878821230042233,
      0.16482509994901676,
      0.2084001337284157,
      0.18006357567429015,
      0.1770464641721946,
      0.21588776923512654,
      0.22423687983264778,
      0.24979513953377547,
      0.19928658045195377,
      0.25062786787463875,
      0.2299134197173017,
      0.27146994710145517,
      0.24874126570666644,
      0.25610739250411163,
      0.29723165944386243,
      0.22138354881987488,
      0.30022121620486153,
      0.3106849582063826,
      0.3211649679774255,
      0.326550123987034,
      0.311326281099334,
      0.3245994982770396,
      0.3450899138133291,
      0.3500467379158251,
      0.3413660130471758,
      0.3321397019644999,
      0.34066446567154274,
      0.3401590203350768,
      0.4042832043799561,
      0.32711780440595806,
      0.39424662046119735,
      0.3619370579711831,
      0.4095854181594685,
      0.3803172213949996,
      0.4063834804832514,
      0.40281076021839873,
      0.3969189202377432,
      0.4410440248422589,
      0.46884567028370905,
      0.39541877188066465,
      0.4583295595598312,
      0.44581380078667876
    ],