{
  "final_metrics": {
    "accuracy": 0.899,
    "precision": 0.8045602605863192,
    "recall": 0.8576388888888888,
    "f1": 0.8302521008403362,
    "roc_auc": 0.9582699360174781
  },
  "metrics_history": {
    "epoch": [
      1,
      2,
      3,
      4,
      5,
      6,
      7,
      8,
      9,
      10,
      11,
      12,
      13,
      14,
      15,
      16,
      17,
      18,
      19,
      20,
      21,
      22,
      23,
      24,
      25,
      26,
      27,
      28,
      29,
      30,
      31,
      32,
      33,
      34,
      35,
      36,
      37,
      38,
      39,
      40,
      41,
      42,
      43,
      44,
      45,
      46,
      47,
      48,
      49,
      50
    ],
    "f1": [
      0.45597661093129915,
      0.4641675475679072,
      0.45958089643888195,
      0.49145929585270376,
      0.4995317625432935,
      0.5058907520139991,
      0.49970779327152637,
      0.5069329323162699,
      0.5090687774959504,
      0.5308387250176093,
      0.527195926707215,
      0.5342258349475072,
      0.5497630928308933,
      0.5571084382481579,
      0.5646202147117805,
      0.5826644459684027,
      0.5867904780215029,
      0.5911184396948889,
      0.6038301292831147,
      0.6000847295889536,
      0.6190527862390968,
      0.6275060249284463,
      0.6189695314064252,
      0.6519569375437037,
      0.64118566294773,
      0.6589030979920644,
      0.6776441174053527,
      0.6832567675771387,
      0.6823433338856884,
      0.6863750099711793,
      0.7074751190857557,
      0.7127469497780862,
      0.7078163497995587,
      0.714051063529983,
      0.70927644818304,
      0.7395403184168359,
      0.745173022549816,
      0.7653619137464254,
      0.7655905509348037,
      0.7833422919417269,
      0.7710263577208383,
      0.7973815033096762,
      0.7887108362089534,
      0.8097759606179228,
      0.7954124160746932,
      0.8203513529936619,
      0.806153120585541,
      0.8313286251405825,
      0.8464035399387793,
      0.8447903144876892
    ],
    "accuracy": [
      0.4964956237124403,
      0.5224611846929593,
      0.5199653721015308,
      0.5231042935296933,
      0.5354189592115428,
      0.568366691419456,
      0.5605350284978154,
      0.5676257366818784,
      0.5673554631899236,
      0.5716648527257715,
      0.5530391771166958,
      0.5772101965353686,
      0.5861942558679752,
      0.5792510793595247,
      0.5934258420978457,
      0.5921916352907737,
      0.6186167616430263,
      0.6341876597084881,
      0.6440677451862433,
      0.6441478446207924,
      0.6373660365880144,
      0.6346793484148004,
      0.643431313005985,
      0.6553101742274551,
      0.6661114030196433,
      0.6804025150200841,
      0.6788583578187304,
      0.6993897589366825,
      0.7006772649720053,
      0.7101054571174102,
      0.728402505526712,
      0.7121976826579963,
      0.7351870457829237,
      0.7378602677152393,
      0.741665137190303,
      0.7608525632086596,
      0.7677901415455701,
      0.7565350920401157,
      0.7711783941614208,
      0.7828121168258407,
      0.7842699325197742,
      0.799850213322878,
      0.8038119201791026,
      0.8263256124035602,
      0.799697208640702,
      0.8207756401025261,
      0.8199149748848781,
      0.8420410745543905,
      0.8268282810995445,
      0.8534631271022489
    ],
    "precision": [
      0.5496995156865166,
      0.5546583813387899,
      0.5535350179645931,
      0.56934924053799,
      0.5908450053029093,
      0.5857481131647053,
      0.5982768041787448,
      0.6146464182196628,
      0.6066375558482259,
      0.6044120042793767,
      0.620672522151828,
      0.6165570385368572,
      0.6229557731670283,
      0.6188010720038102,
      0.6492625749108439,
      0.6421399742435057,
      0.6538209824581587,
      0.6476403807139336,
      0.6683594762971548,
      0.6623805876186492,
      0.6745829127829818,
      0.6907782603123913,
      0.6959075931223253,
      0.6937796992748306,
      0.6823186896729329,
      0.7359281057006065,
      0.7294585897027315,
      0.7252267482488831,
      0.7164679621840904,
      0.7288640783829803,
      0.7305657957022348,
      0.7546385593909639,
      0.7506250289085183,
      0.7461583614164017,
      0.7552924490087521,
      0.7772118814256991,
      0.7880009784682048,
      0.7932833156348624,
      0.7915703206505398,
      0.7874737513119736,
      0.7635848617467088,
      0.8049716002380822,
      0.807981712411559,
      0.8153998209632136,
      0.8205389734703321,
      0.8127373783805085,
      0.837574085568512,
      0.8443221631403186,
      0.8508233878205966,
      0.859465770035734
    ],
    "recall": [
      0.41504051644921625,
      0.41389970588461095,
      0.42629163152083915,
      0.4369112486725338,
      0.4460769944910662,
      0.4639821765597173,
      0.46943668753022494,
      0.49277343439569954,
      0.5030646897988467,
      0.49079649582613927,
      0.46063344451540633,
      0.5203683246612727,
      0.5115962366101294,
      0.51798516078169,
      0.5310155472501064,
      0.5395335695318539,
      0.559122698101054,
      0.5464056422087378,
      0.560222792542084,
      0.5834315855419743,
      0.595229440304133,
      0.6044154164493601,
      0.599129637210667,
      0.6062173435073376,
      0.6199336516621208,
      0.6363987275228472,
      0.6578547736927255,
      0.6315256281422925,
      0.6587927124304164,
      0.6566732155897479,
      0.6624775732264652,
      0.6976695664534481,
      0.7024462457449935,
      0.7104943351594726,
      0.72421025839731,
      0.7192028110323386,
      0.7286736248366648,
      0.7638573061672257,
      0.7485342894574043,
      0.7673513211305409,
      0.7690638154096332,
      0.7595174146992159,
      0.7665537099619872,
      0.790210157800601,
      0.8155610125166999,
      0.8218829165663601,
      0.8321407716422403,
      0.8221295382106368,
      0.8571587249012231,
      0.8403510669981361
    ],
    "train_loss": [
      2.4756412199334985,
      2.4294823855046133,
      2.386306308984271,
      2.42692960691478,
      2.289744473991702,
      2.2225197372144034,
      2.255999774310321,
      2.2000086632856735,
      2.3538691459541323,
      2.183825373821999,
      2.094532971239069,
      2.0271944215406457,
      1.9509855794715607,
      1.9587390457131282,
      1.9807470885879568,
      2.0113664325797385,
      1.9610844571193957,
      1.8814547415823188,
      1.8188416167148758,
      1.8134406178206075,
      1.739068100125771,
      1.8159181997881937,
      1.685540490936246,
      1.6556831070876636,
      1.5142088787489665,
      1.5802282576738618,
      1.596824206898247,
      1.4666138711480727,
      1.4474639832753593,
      1.4896355508866832,
      1.341167138824097,
      1.4328900503770958,
      1.318392805491345,
      1.2905715889754397,
      1.2188060797437201,
      1.2589023130213939,
      1.3279935992514689,
      1.2090748619730316,
      1.091785736902973,
      1.1567810292745737,
      1.0491660227032875,
      1.0987242490713778,
      1.035333820108218,
      0.8128429217264133,
      0.8747960183522484,
      0.9372192611417693,
      0.8625828636072507,
      0.7688122026146074,
      0.7533205242253093,
      0.6546881689955307
    ],