{
  "split": "80/10/10 (3-way)",
  "version": "V8",
  "training_metrics": {
    "epochs": 50,
    "final_f1": 0.5543050390673401,
    "final_accuracy": 0.6000180129149515,
    "final_precision": 0.5642063401204291,
    "final_recall": 0.566845006013782,
    "final_train_loss": 0.7945617268153076,
    "final_val_loss": 1.1350878127812989
  },
  "evaluation_metrics": {
    "accuracy": 0.948051948051948,
    "precision": 0.9841269841269841,
    "recall": 0.8319727891156463,
    "f1": 0.9014598540145985,
    "pr_auc": 0.9038104641300737,
    "roc_auc": 0.9043304668304669
  },
  "confusion_matrix": {
    "tp": 123,
    "fn": 25,
    "fp": 2,
    "tn": 350,
    "matrix": [
      [
        350,
        2
      ],
      [
        25,
        123
      ]
    ]
  }
}