{
  "split": "80/10/10 (3-way)",
  "version": "V8",
  "training_metrics": {
    "epochs": 50,
    "final_f1": 0.5543050390673401,
    "final_accuracy": 0.6000180129149515,
    "final_precision": 0.5642063401204291,
    "final_recall": 0.566845006013782,
    "final_train_loss": 0.7945617268153076,
    "final_val_loss": 1.1350878127812989
  },
  "evaluation_metrics": {
    "accuracy": 0.77,
    "precision": 0.5822784810126582,
    "recall": 0.7666666666666667,
    "f1": 0.6618700129396526
  }
}