{
  "split": "60/20/20 (3-way)",
  "version": "V3",
  "training_metrics": {
    "epochs": 50,
    "final_f1": 0.4152972449341324,
    "final_accuracy": 0.48973163770061845,
    "final_precision": 0.4184830062942807,
    "final_recall": 0.44409933659508516,
    "final_train_loss": 0.8393044667538851,
    "final_val_loss": 0.9983860234032016
  },
  "evaluation_metrics": {
    "accuracy": 0.78,
    "precision": 0.833,
    "recall": 0.526,
    "f1": 0.645,
    "pr_auc": 0.6185964912280701,
    "roc_auc": 0.7308998302207131
  },
  "confusion_matrix": {
    "tp": 200,
    "fp": 40,
    "fn": 180,
    "tn": 580
  }
}