{
  "split": "60/20/20 (3-way)",
  "version": "V3",
  "training_metrics": {
    "epochs": 50,
    "final_f1": 0.4152972449341324,
    "final_accuracy": 0.48973163770061845,
    "final_precision": 0.4184830062942807,
    "final_recall": 0.44409933659508516,
    "final_train_loss": 0.8393044667538851,
    "final_val_loss": 0.9983860234032016
  },
  "evaluation_metrics": {
    "accuracy": 0.6335999999999999,
    "precision": 0.38095238095238093,
    "recall": 0.5333333333333333,
    "f1": 0.44444395833386496
  }
}