{
  "model": "YOLOv3",
  "split_key": "82.7_17.3",
  "split_name": "82.7/17.3 (Current)",
  "ratios": {
    "train": 0.827,
    "val": 0.173,
    "test": 0.0
  },
  "hyperparameters": {
    "architecture": "YOLOv3",
    "imgsz": 608,
    "batch_size": 16,
    "epochs": 50,
    "optimizer": "SGD",
    "lr0": 0.001,
    "momentum": 0.9,
    "weight_decay": 0.0005,
    "warmup_epochs": 3.0,
    "scheduler": "cosine",
    "augmentations": {
      "hsv_h": 0.015,
      "hsv_s": 0.7,
      "hsv_v": 0.4,
      "flipud": 0.0,
      "fliplr": 0.5,
      "mosaic": 1.0
    }
  },
  "final_metrics": {
    "accuracy": 0.5702363582305557,
    "precision": 0.4895756870337213,
    "recall": 0.5138984447639589,
    "f1": 0.46278350845814814
  },
  "confusion_matrix": [
    [
      268,
      98
    ],
    [
      33,
      101
    ]
  ],
  "metrics_history": {
    "epoch": [
      1,
      2,
      3,
      4,
      5,
      6,
      7,
      8,
      9,
      10,
      11,
      12,
      13,
      14,
      15,
      16,
      17,
      18,
      19,
      20,
      21,
      22,
      23,
      24,
      25,
      26,
      27,
      28,
      29,
      30,
      31,
      32,
      33,
      34,
      35,
      36,
      37,
      38,
      39,
      40,
      41,
      42,
      43,
      44,
      45,
      46,
      47,
      48,
      49,
      50
    ],
    "f1": [
      0.17718015048442157,
      0.18972655610401762,
      0.2187915753644779,
      0.19069889551318253,
      0.1673113120534288,
      0.16838530968454457,
      0.20419389826364573,
      0.19320668303418329,
      0.2336327352246832,
      0.22887616368579328,
      0.23738414255746573,
      0.20406198016783939,
      0.2595197337077938,
      0.22960573297644093,
      0.2009613888631633,
      0.21565797675008766,
      0.2527951044978907,
      0.23716874236120844,
      0.3062642109408089,
      0.27189582891930797,
      0.2908291439524361,
      0.2862656730190653,
      0.2786320088437571,
      0.2762121426966352,
      0.2854300480919146,
      0.32611911697685375,
      0.33199202208137774,
      0.3255951474372209,
      0.27671133014430543,
      0.3273652118730425,
      0.33076782169255553,
      0.3562279179104739,
      0.31333800313974636,
      0.3644990849568453,
      0.3109223097075623,
      0.3976101582730669,
      0.36278138374099284,
      0.3588894446841018,
      0.40167857781287447,
      0.4294170540080169,
      0.3797662677258765,
      0.3981685522966147,
      0.4226068047906245,
      0.42607502493480265,
      0.4873044977613735,
      0.44765679777464085,
      0.43664756093658297,
      0.4292207143944933,
      0.4443683958409227,
      0.46278350845814814
    ],
    "accuracy": [
      0.5102281306806792,
      0.4990751186271082,
      0.4520254078904575,
      0.49740076106561293,
      0.5196848841279378,
      0.4626500886329739,
      0.5328071698053969,
      0.5052630270408889,
      0.49531165187539195,
      0.4567205760196422,
      0.5185241141304321,
      0.5252531676665094,
      0.49785024178556153,
      0.49663545747299076,
      0.5105129970461604,
      0.504235998302028,
      0.509191540794942,
      0.5309214758480412,
      0.5196281339735739,
      0.5375324198993351,
      0.5019092121498178,
      0.5233064715891471,
      0.5542553619909986,
      0.5519474518379596,
      0.586558813082292,
      0.5344317500118332,
      0.544662062482762,
      0.5469465802724331,
      0.5298583326410644,
      0.5395304948876942,
      0.5967585335584441,
      0.540175271604554,
      0.5757079314539155,
      0.5851656082189056,
      0.5160256481624663,
      0.5491733726620259,
      0.6223040701144185,
      0.580936187910665,
      0.5607495939417563,
      0.5756087419530871,
      0.607713157349013,
      0.5654475212684031,
      0.59462029071112,
      0.6209898966624217,
      0.596177771293167,
      0.5896389206065935,
      0.6173414179810561,
      0.6225525176944768,
      0.61264445661201,
      0.5702363582305557
    ],
    "precision": [
      0.14732847276663208,
      0.10173370069718204,
      0.12641709680204638,
      0.16282324920564842,
      0.19135711650183462,
      0.16097689009566604,
      0.19964472226425053,
      0.16468663002751396,
      0.16902069055682098,
      0.21469945828893774,
      0.2013790884366018,
      0.17083715808679223,
      0.2204405022978866,
      0.23721806337737414,
      0.2266076496674963,
      0.23063466320339024,
      0.18455558557812707,
      0.22935813328771623,
      0.22456382520230056,
      0.25170004915865746,
      0.2493713543031047,
      0.2866840218267013,
      0.2326919280583558,
      0.31383854624147456,
      0.2481365378048024,
      0.30945324813570374,
      0.2874845298137156,
      0.3519179472667294,
      0.339375349625318,
      0.3492287714579454,
      0.37992965115082633,
      0.3382984986943621,
      0.33548558920670135,
      0.36412493632326987,
      0.3597817679721128,
      0.41150746199562355,
      0.4014105592039506,
      0.40179832417212047,
      0.3927104162657337,
      0.41153604165609575,
      0.3757901028205542,
      0.37666189539098865,
      0.4651010422245311,
      0.41677569028010014,
      0.3951944867202401,
      0.45192424568828216,
      0.4349165494016593,
      0.4651223770539372,
      0.4684126755557642,
      0.4895756870337213
    ],
    "recall": [
      0.14457681253664267,
      0.10053979952645595,
      0.19096857447024596,
      0.1665481916436306,
      0.18399296160636688,
      0.15996261210755056,
      0.1967942094330516,
      0.15530177635942283,
      0.1844691287509297,
      0.1890121195928784,
      0.20390995131497575,
      0.1943566987837238,
      0.19826552987272994,
      0.2504490637961363,
      0.2606799537266884,
      0.2427275024312267,
      0.19672695904895093,
      0.22812049434928094,
      0.2447050566590799,
      0.28432878362773795,
      0.27298322999916674,
      0.3143326690967683,
      0.2503840875111431,
      0.2875409742744259,
      0.24306662578962396,
      0.3330406321863349,
      0.3075804488046236,
      0.31967608800687003,
      0.3287552069049237,
      0.32532880402370373,
      0.36920435593195616,
      0.3815939399441757,
      0.35447639207610565,
      0.32451679789806204,
      0.3405452579725548,
      0.388538965698297,
      0.40500676654046625,
      0.3672324099591856,
      0.34422731447534916,
      0.4067843371448024,
      0.39435821962377676,
      0.38550462471156327,
      0.38067840769784395,
      0.42534996080081844,
      0.45224425494113685,
      0.44954200940425376,
      0.42148629575827656,
      0.39672384929328,
      0.41710760568017113,
      0.5138984447639589
    ],