{
  "split": "70/15/15 (3-way)",
  "training_metrics": {
    "epochs": 50,
    "final_f1": 0.4703501051537564,
    "final_accuracy": 0.6887045088350485,
    "final_precision": 0.47754451290261607,
    "final_recall": 0.47754820713343726,
    "final_train_loss": 0.724240091115351,
    "final_val_loss": 0.9552343089788957
  },
  "evaluation_metrics": {
    "accuracy": 0.725,
    "precision": 0.524390243902439,
    "recall": 0.7166666666666667,
    "f1": 0.6056333148188816
  },
  "confusion_matrix": [
    [
      101,
      39
    ],
    [
      17,
      43
    ]
  ]
}